timestamp,open,high,low,close,volume,RSI
2024-05-01 00:00:00,60651.2,60816.7,60060.6,60217.2,10900.384,23.785440811029716
2024-05-01 01:00:00,60217.3,60389.0,59833.0,60110.6,11290.556,23.785440811029716
2024-05-01 02:00:00,60110.6,60159.2,59555.0,59902.4,13309.707,23.785440811029716
2024-05-01 03:00:00,59902.3,60294.8,59873.0,60214.0,6341.794,23.785440811029716
2024-05-01 04:00:00,60214.0,60331.8,60156.2,60262.6,4701.579,23.785440811029716
2024-05-01 05:00:00,60262.6,60317.1,59923.4,60030.1,7410.252,23.785440811029716
2024-05-01 06:00:00,60030.1,60093.8,59455.6,59504.0,10437.072,23.785440811029716
2024-05-01 07:00:00,59504.0,59553.8,57030.0,57482.0,89034.023,23.785440811029716
2024-05-01 08:00:00,57482.0,57573.4,56537.7,57153.1,52439.249,23.785440811029716
2024-05-01 09:00:00,57153.0,57640.0,57016.8,57090.0,20996.732,23.785440811029716
2024-05-01 10:00:00,57090.0,57753.6,56855.0,57742.7,19944.004,23.785440811029716
2024-05-01 11:00:00,57742.7,57881.0,57433.0,57862.1,11939.642,23.785440811029716
2024-05-01 12:00:00,57862.2,58257.8,57693.8,57946.3,20476.181,23.785440811029716
2024-05-01 13:00:00,57946.3,57975.0,57142.6,57283.4,24236.777,23.785440811029716
2024-05-01 14:00:00,57283.5,57575.0,57035.4,57461.5,18235.903,27.553264591771253
2024-05-01 15:00:00,57461.5,57496.8,56651.2,56865.2,23722.161,23.384834562940753
2024-05-01 16:00:00,56865.3,57434.7,56729.9,57021.7,17948.888,26.52653096366552
2024-05-01 17:00:00,57021.7,57760.0,56600.0,57398.6,19540.45,33.5894323435232
2024-05-01 18:00:00,57398.5,59438.2,57256.7,58884.4,68962.061,52.836907597993395
2024-05-01 19:00:00,58884.4,59232.8,56860.0,56935.7,56904.011,37.489988613316605
2024-05-01 20:00:00,56935.7,57518.0,56729.0,57334.2,18836.915,41.24813335276493
2024-05-01 21:00:00,57334.1,58147.1,57231.1,57888.0,13757.34,46.098085198507725
2024-05-01 22:00:00,57888.0,58188.6,57824.5,57857.9,8709.594,45.87641695703579
2024-05-01 23:00:00,57858.0,58550.8,57800.0,58307.6,14033.125,49.763144622186324
2024-05-02 00:00:00,58307.7,58571.1,57616.0,57736.5,14483.719,45.31281134351592
2024-05-02 01:00:00,57736.4,57873.3,56951.6,57096.6,17976.843,40.899291004177336
2024-05-02 02:00:00,57096.5,57627.2,57087.9,57439.1,10036.336,44.0410086494843
2024-05-02 03:00:00,57439.1,57661.5,57344.9,57407.6,6145.515,43.810341493972324
2024-05-02 04:00:00,57407.7,57619.0,57274.0,57373.0,4694.508,43.54058433144138
2024-05-02 05:00:00,57372.9,57514.0,57175.4,57463.2,6164.966,44.49999488545488
2024-05-02 06:00:00,57463.1,57710.4,57379.6,57600.7,6342.244,46.00622946272875
2024-05-02 07:00:00,57600.8,57933.1,57592.5,57645.0,7441.477,46.50991397582559
2024-05-02 08:00:00,57645.0,57949.5,57572.9,57804.6,8250.524,48.37827707313881
2024-05-02 09:00:00,57804.6,57867.5,57615.0,57775.7,5708.662,48.05098168309023
2024-05-02 10:00:00,57775.8,57890.3,57542.4,57775.5,7421.889,48.0485590552981
2024-05-02 11:00:00,57775.6,58696.6,57759.0,58538.4,32954.341,56.96222822376297
2024-05-02 12:00:00,58538.5,59089.5,58423.5,58533.0,27624.395,56.88782545885718
2024-05-02 13:00:00,58532.9,58768.6,58186.7,58429.5,20831.255,55.3943474591709
2024-05-02 14:00:00,58429.6,59288.4,58245.7,59015.8,32571.415,61.552028087743956
2024-05-02 15:00:00,59015.8,59441.6,58931.6,59230.7,16097.295,63.53884951882569
2024-05-02 16:00:00,59230.8,59279.7,58895.6,58989.2,9634.202,59.79907621022268
2024-05-02 17:00:00,58989.2,59262.6,58916.9,59170.0,7921.085,61.620340701286175
2024-05-02 18:00:00,59169.9,59557.4,58951.0,59354.0,13245.57,63.43584232085323
2024-05-02 19:00:00,59354.1,59354.1,58994.4,59324.4,7579.071,62.92020513818359
2024-05-02 20:00:00,59324.5,59409.2,58594.4,58691.4,14825.323,52.998818273968496
2024-05-02 21:00:00,58691.3,59637.3,58663.8,59085.1,11989.546,57.48868249330115
2024-05-02 22:00:00,59085.1,59423.0,59043.8,59300.8,5691.238,59.75690283562605
2024-05-02 23:00:00,59300.9,59350.0,59027.3,59036.7,3597.883,55.82914593858085
2024-05-03 00:00:00,59036.7,59115.2,58781.3,59007.8,6607.426,55.40002411824462
2024-05-03 01:00:00,59007.7,59476.0,58974.1,59284.8,7825.859,58.67843222260317
2024-05-03 02:00:00,59284.9,59888.0,59228.9,59516.7,12829.4,61.246713538770045
2024-05-03 03:00:00,59516.6,59976.9,59470.8,59687.9,9534.366,63.071512468316435
2024-05-03 04:00:00,59687.9,59810.0,59511.0,59571.0,4315.295,60.960689629797464
2024-05-03 05:00:00,59571.0,59592.3,59429.8,59495.0,4703.32,59.56498556209827
2024-05-03 06:00:00,59495.0,59537.8,59200.0,59220.3,5759.284,54.69095003048307
2024-05-03 07:00:00,59220.4,59421.4,59031.5,59158.1,8942.083,53.621035090519825
2024-05-03 08:00:00,59158.1,59365.0,59108.1,59199.9,4817.487,54.268505255914086
2024-05-03 09:00:00,59199.9,59562.9,59166.7,59445.3,5534.035,57.977557583454946
2024-05-03 10:00:00,59445.3,59459.2,58818.2,59009.0,11484.625,50.184428271765
2024-05-03 11:00:00,59009.1,59417.4,58828.5,59269.3,9720.121,54.14461739452605
2024-05-03 12:00:00,59269.4,60737.7,58970.5,60604.8,50063.914,68.13924347113664
2024-05-03 13:00:00,60604.7,61888.0,60482.3,61654.1,56036.116,74.67817086841066
2024-05-03 14:00:00,61654.0,62239.6,61349.0,61598.1,34461.371,73.8075595387006
2024-05-03 15:00:00,61598.1,61780.0,61313.5,61662.1,15110.481,74.17806621325788
2024-05-03 16:00:00,61662.2,62181.0,61500.0,61650.1,17976.609,73.96679378689146
2024-05-03 17:00:00,61650.0,61931.8,61497.6,61770.8,9489.425,74.74592305588419
2024-05-03 18:00:00,61770.8,61961.9,61651.2,61794.1,5557.99,74.90207700706985
2024-05-03 19:00:00,61794.1,62079.3,61556.7,62031.9,7788.539,76.49922195406819
2024-05-03 20:00:00,62031.9,63185.5,61931.1,62880.0,32630.838,81.11498733962259
2024-05-03 21:00:00,62880.0,62928.4,62335.9,62713.8,11131.475,77.88654835653196
2024-05-03 22:00:00,62713.8,62983.0,62600.8,62754.7,9311.208,78.1173654970676
2024-05-03 23:00:00,62754.7,63333.0,62739.1,62853.7,11975.192,78.69699302111816
2024-05-04 00:00:00,62853.7,63143.6,62732.8,63044.7,7504.928,79.80822989111012
2024-05-04 01:00:00,63044.7,63555.5,62785.0,62832.1,15686.276,75.11158997806714
2024-05-04 02:00:00,62832.1,62885.5,62520.0,62671.0,8149.649,71.66973665721959
2024-05-04 03:00:00,62670.9,62868.6,62632.3,62698.1,4203.273,71.90297725184766
2024-05-04 04:00:00,62698.0,63174.1,62652.5,63032.7,8663.781,74.67527340878914
2024-05-04 05:00:00,63032.8,63430.0,62922.5,63358.8,9282.815,77.05177428261396
2024-05-04 06:00:00,63358.9,63372.3,62865.4,62932.1,6701.223,68.05275006698403
2024-05-04 07:00:00,62932.1,63108.2,62846.7,62931.3,4990.594,68.0367062357559
2024-05-04 08:00:00,62931.4,63199.0,62888.0,63144.0,4289.107,70.05789519471946
2024-05-04 09:00:00,63144.0,63277.0,63023.0,63155.0,5332.865,70.16297536850051
2024-05-04 10:00:00,63154.9,64472.3,63076.7,64393.6,29147.418,79.06997273838633
2024-05-04 11:00:00,64393.6,64547.9,63607.5,63850.0,23719.29,69.29312178325205
2024-05-04 12:00:00,63850.0,64079.9,63729.2,64043.9,9221.28,70.68548690238143
2024-05-04 13:00:00,64044.0,64137.8,63424.0,63704.9,14117.152,65.12548415871872
2024-05-04 14:00:00,63705.0,63950.0,63520.0,63790.3,6871.609,65.8541452772094
2024-05-04 15:00:00,63790.4,63817.9,63431.0,63590.0,5598.434,62.552937351945815
2024-05-04 16:00:00,63590.1,63712.0,63365.1,63663.9,6897.68,63.28422895562622
2024-05-04 17:00:00,63663.9,63718.0,63278.1,63438.3,5913.826,59.466339280653386
2024-05-04 18:00:00,63438.4,63732.9,63380.8,63620.9,3501.649,61.49137307931814
2024-05-04 19:00:00,63621.0,64000.0,63516.5,63885.2,4896.641,64.27356570255472
2024-05-04 20:00:00,63885.2,64198.9,63822.0,63849.5,5780.969,63.60510349136215
2024-05-04 21:00:00,63849.6,64094.1,63503.1,63877.3,7794.968,63.91978760296984
2024-05-04 22:00:00,63877.4,63919.7,63555.0,63581.3,3524.336,58.154158496889146
2024-05-04 23:00:00,63581.3,63900.0,63576.1,63864.2,3415.436,61.70910309723375
2024-05-05 00:00:00,63864.3,64170.6,63372.6,63479.9,12828.506,54.88764453235188
2024-05-05 01:00:00,63480.0,63550.0,62833.0,63286.0,17397.118,51.77763088801931
2024-05-05 02:00:00,63285.9,63409.2,63100.0,63119.8,5082.4,49.204114068123815
2024-05-05 03:00:00,63119.8,63250.0,62973.0,63209.8,4758.135,50.6349844282984
2024-05-05 04:00:00,63209.8,63398.6,63206.7,63318.0,3124.468,52.37199929073807
2024-05-05 05:00:00,63315.3,63474.0,63067.3,63184.8,4579.681,50.037768276555674
2024-05-05 06:00:00,63184.8,63431.8,63128.0,63345.0,3131.422,52.76458166713107
2024-05-05 07:00:00,63345.1,63932.4,63321.9,63697.1,11298.688,58.16846083905236
2024-05-05 08:00:00,63697.1,63900.0,63505.7,63639.7,8100.912,57.02315969951463
2024-05-05 09:00:00,63639.6,63719.4,63521.1,63638.3,3869.077,56.993684301408145
2024-05-05 10:00:00,63638.3,63820.0,63523.0,63663.9,3451.611,57.427034418236296
2024-05-05 11:00:00,63664.0,63907.9,63577.7,63838.0,5486.152,60.35294532749439
2024-05-05 12:00:00,63838.1,63863.6,63600.1,63703.5,3781.964,57.088680423057234
2024-05-05 13:00:00,63703.5,64266.0,63588.7,64088.3,17797.353,63.21809028684429
2024-05-05 14:00:00,64088.3,64129.4,63718.0,64068.2,9168.57,62.71417425106799
2024-05-05 15:00:00,64068.3,64644.3,63960.6,64398.0,21050.493,67.31749670390687
2024-05-05 16:00:00,64398.1,64531.9,64151.6,64294.1,10070.811,64.6111425231872
2024-05-05 17:00:00,64294.0,64462.4,64120.5,64190.0,6171.324,61.924919954459675
2024-05-05 18:00:00,64189.9,64222.5,63756.0,63900.0,10339.778,55.05764894197092
2024-05-05 19:00:00,63900.0,63977.0,63807.7,63846.0,3033.474,53.8599028998788
2024-05-05 20:00:00,63846.0,63850.0,63520.3,63713.4,7086.628,50.929987379757655
2024-05-05 21:00:00,63713.3,63848.3,63562.3,63848.3,3539.555,53.69003811110853
2024-05-05 22:00:00,63848.3,63865.0,63670.0,63824.1,2862.372,53.11288783193164
2024-05-05 23:00:00,63824.2,64217.4,63791.2,63988.0,7485.161,56.52179427282428
2024-05-06 00:00:00,63987.9,64337.7,63981.0,64183.7,4886.594,60.238991025496205
2024-05-06 01:00:00,64183.8,64443.3,64020.0,64108.3,7777.506,58.175285794583296
2024-05-06 02:00:00,64108.3,64199.0,63788.0,63788.0,4868.165,50.293068771431
2024-05-06 03:00:00,63788.1,63912.1,63666.0,63830.1,4896.927,51.22844495181284
2024-05-06 04:00:00,63830.0,64159.7,63738.9,64120.4,4776.881,57.20815335424921
2024-05-06 05:00:00,64120.5,64315.7,64000.0,64146.0,7896.527,57.70067402616956
2024-05-06 06:00:00,64146.0,64450.0,64100.0,64199.1,7762.631,58.76093192456335
2024-05-06 07:00:00,64199.1,64564.5,64111.9,64509.6,8932.784,64.38290018612095
2024-05-06 08:00:00,64509.5,65500.0,64421.2,65109.0,35829.957,72.24813282415417
2024-05-06 09:00:00,65109.1,65332.1,65074.0,65133.7,8614.037,72.51745668924809
2024-05-06 10:00:00,65133.7,65249.8,63779.1,63982.0,33102.908,48.75729724853289
2024-05-06 11:00:00,63981.9,64327.0,63968.0,64178.1,12999.204,51.66147434887722
2024-05-06 12:00:00,64178.1,64295.1,63324.0,63580.0,29957.518,43.55377298398438
2024-05-06 13:00:00,63579.9,63965.6,63420.6,63856.0,15867.591,47.6376271871483
2024-05-06 14:00:00,63855.9,64198.2,63159.3,63231.4,21165.03,40.49700859455161
2024-05-06 15:00:00,63231.4,63766.4,62900.0,63599.8,25015.338,45.66984761416868
2024-05-06 16:00:00,63599.9,63731.3,63072.4,63167.1,13450.374,41.14542022440885
2024-05-06 17:00:00,63167.0,63489.1,62932.4,63151.7,12052.751,40.989777747763384
2024-05-06 18:00:00,63151.8,63520.0,62933.6,63368.1,10555.795,44.18484486636229
2024-05-06 19:00:00,63368.1,63385.4,62655.3,63200.0,16327.915,42.27022552944776
2024-05-06 20:00:00,63199.9,63387.1,63025.0,63284.1,5694.106,43.58726629533217
2024-05-06 21:00:00,63284.0,63598.7,63284.0,63514.0,4912.402,47.13763613387108
2024-05-06 22:00:00,63514.0,63543.6,63363.8,63466.5,2801.78,46.48666140639069
2024-05-06 23:00:00,63466.5,63466.5,63105.0,63142.8,4965.346,42.20874278680778
2024-05-07 00:00:00,63142.7,63644.7,62921.2,63511.2,9927.642,48.066281730897195
2024-05-07 01:00:00,63511.1,63950.0,63442.0,63861.1,9206.869,52.944614098487115
2024-05-07 02:00:00,63861.1,63919.0,63588.0,63673.8,3838.393,50.224921892262934
2024-05-07 03:00:00,63673.8,63705.7,62805.6,63204.1,15313.12,44.106146005687755
2024-05-07 04:00:00,63204.1,63437.6,63056.8,63426.8,5483.942,47.3794404872841
2024-05-07 05:00:00,63426.8,63700.0,63211.0,63530.0,6932.466,48.87364491098668
2024-05-07 06:00:00,63530.0,63695.2,63362.3,63594.0,6044.253,49.82518114258254
2024-05-07 07:00:00,63594.4,63830.0,63518.8,63648.9,5309.36,50.67326715864789
2024-05-07 08:00:00,63648.9,64392.2,63555.1,64206.8,16763.848,58.37333284166458
2024-05-07 09:00:00,64206.8,64350.4,64029.2,64091.9,6319.183,56.419924968430905
2024-05-07 10:00:00,64091.9,64150.0,63715.0,64067.1,11462.945,55.984450996188066
2024-05-07 11:00:00,64067.2,64101.4,63313.2,63472.4,13342.384,46.679986886473884
2024-05-07 12:00:00,63472.4,63746.7,63446.2,63634.7,7538.749,49.16316412035419
2024-05-07 13:00:00,63634.7,63697.3,63063.0,63191.5,13798.252,43.24101588158545
2024-05-07 14:00:00,63191.5,64061.4,63001.0,63995.8,17173.344,54.05691448482481
2024-05-07 15:00:00,63995.4,64320.0,63563.6,63710.0,19379.523,50.3829068606184
2024-05-07 16:00:00,63710.1,63875.0,63424.8,63613.0,6541.158,49.16164333909952
2024-05-07 17:00:00,63613.0,63644.5,63277.0,63362.1,6079.729,46.05214963359873
2024-05-07 18:00:00,63362.0,63377.4,62758.1,63149.9,15978.077,43.543630991618656
2024-05-07 19:00:00,63149.8,63255.0,62936.1,63034.7,5623.595,42.19972518217266
2024-05-07 20:00:00,63034.7,63177.3,62864.1,62957.7,4943.816,41.28258854867817
2024-05-07 21:00:00,62957.6,63145.8,62801.2,63040.3,4440.036,42.72071156827836
2024-05-07 22:00:00,63040.4,63091.9,62700.0,62819.9,8513.02,39.91174796989576
2024-05-07 23:00:00,62819.9,62851.8,62203.6,62296.0,19020.942,34.16173250514612
2024-05-08 00:00:00,62296.0,62679.0,62055.0,62566.0,12956.612,39.036336816875746
2024-05-08 01:00:00,62565.9,62700.0,62391.5,62500.1,4849.041,38.291149066589526
2024-05-08 02:00:00,62500.0,62829.9,62500.0,62729.5,5472.347,42.41230483548377
2024-05-08 03:00:00,62729.4,62949.2,62555.6,62864.0,4875.491,44.742417937647055
2024-05-08 04:00:00,62864.0,62994.9,62304.7,62503.4,8954.696,40.06216001119045
2024-05-08 05:00:00,62503.4,62731.2,62329.8,62590.0,5050.052,41.640989077001855
2024-05-08 06:00:00,62589.9,62691.8,62101.1,62467.7,9946.71,40.03704476040199
2024-05-08 07:00:00,62467.6,62577.9,62036.1,62186.7,7712.422,36.55320435973305
2024-05-08 08:00:00,62186.7,62413.9,62005.8,62358.4,9127.371,39.9893624528364
2024-05-08 09:00:00,62358.4,62406.6,62062.0,62285.6,7159.017,39.024324040011614
2024-05-08 10:00:00,62285.7,62517.6,62240.9,62422.7,6286.329,41.86941135847479
2024-05-08 11:00:00,62422.7,62490.9,62112.5,62224.9,6690.364,39.03923322467585
2024-05-08 12:00:00,62224.9,62430.3,62059.9,62207.2,8179.382,38.78657698266707
2024-05-08 13:00:00,62207.2,62448.2,61736.7,62417.4,22617.848,43.46590337041237
2024-05-08 14:00:00,62417.4,62800.0,62132.3,62530.0,15736.52,45.85369202522619
2024-05-08 15:00:00,62530.0,62583.8,61834.1,62251.8,20999.435,41.22124989996553
2024-05-08 16:00:00,62251.9,62428.0,61964.5,62419.1,7812.835,44.830821869227776
2024-05-08 17:00:00,62419.0,62675.1,62336.1,62574.7,7406.609,48.0275581891917
2024-05-08 18:00:00,62574.6,62743.9,62424.5,62490.6,4924.591,46.46056930825312
2024-05-08 19:00:00,62490.7,62515.9,61902.8,62148.7,9481.503,40.65345169829174
2024-05-08 20:00:00,62148.6,62224.5,61400.0,61544.0,17521.955,32.836193566583304
2024-05-08 21:00:00,61544.1,61739.4,61333.0,61464.0,10436.741,31.96059197176919
2024-05-08 22:00:00,61464.1,61553.2,61066.0,61226.7,12526.164,29.451835331487942
2024-05-08 23:00:00,61226.8,61242.8,60843.6,61157.9,14927.544,28.74727880109947
2024-05-09 00:00:00,61157.9,61449.6,61113.0,61367.9,5961.055,33.94180258900509
2024-05-09 01:00:00,61367.9,61553.9,61344.0,61528.9,5401.329,37.69220550664752
2024-05-09 02:00:00,61529.0,61666.0,61460.1,61629.6,4249.131,39.987208802234775
2024-05-09 03:00:00,61629.7,61779.0,61375.6,61647.4,6429.125,40.40506371216298
2024-05-09 04:00:00,61647.5,61732.9,61401.3,61476.5,4783.349,37.69154764520312
2024-05-09 05:00:00,61476.6,61690.5,61425.0,61547.2,3540.309,39.50164608545545
2024-05-09 06:00:00,61547.2,61753.2,61488.1,61579.7,4201.755,40.35936720395036
2024-05-09 07:00:00,61579.8,61618.7,61087.0,61222.5,8931.471,34.55990345344776
2024-05-09 08:00:00,61222.5,61429.2,61123.5,61293.7,6295.176,36.518057804635724
2024-05-09 09:00:00,61293.7,61341.1,60900.0,61272.7,12156.874,36.17424154664721
2024-05-09 10:00:00,61272.8,61312.8,60733.2,60789.9,10778.602,29.3358997967172
2024-05-09 11:00:00,60789.9,61169.0,60550.0,61033.0,13326.362,35.90598806953659
2024-05-09 12:00:00,61033.0,61604.7,60998.9,61480.8,12658.837,45.88667445802551
2024-05-09 13:00:00,61480.8,61512.1,60846.7,61165.4,14494.841,41.03931387462768
2024-05-09 14:00:00,61165.4,61543.9,61100.0,61505.5,12781.418,47.481862234649974
2024-05-09 15:00:00,61505.4,62262.1,61436.6,62122.5,26911.743,56.72107272743249
2024-05-09 16:00:00,62122.5,62637.3,61778.6,61832.3,24584.832,52.080244585185085
2024-05-09 17:00:00,61832.4,62181.8,61707.8,61916.0,10354.078,53.26786967172264
2024-05-09 18:00:00,61916.0,62235.4,61855.0,62228.7,4894.984,57.50515869817687
2024-05-09 19:00:00,62228.7,62553.6,62141.3,62420.6,8960.967,59.90767074655695
2024-05-09 20:00:00,62420.6,62624.7,62312.3,62580.0,6437.81,61.83769170014577
2024-05-09 21:00:00,62580.1,62790.5,62389.3,62500.5,8347.238,60.27910478941693
2024-05-09 22:00:00,62500.5,63447.2,62456.2,63252.7,16339.899,68.39571378342468
2024-05-09 23:00:00,63252.7,63321.4,62830.6,63050.1,9630.117,64.56863004855025
2024-05-10 00:00:00,63050.0,63070.2,62716.0,62818.4,5739.764,60.405797184135366
2024-05-10 01:00:00,62818.5,62943.8,62633.2,62850.8,7041.955,60.786517867511
2024-05-10 02:00:00,62850.8,63023.9,62737.5,62874.4,4018.375,61.08007895956274
2024-05-10 03:00:00,62874.5,62904.7,62755.0,62880.0,2692.985,61.15439211713534
2024-05-10 04:00:00,62880.0,62989.5,62761.8,62906.5,3708.869,61.52873771545795
2024-05-10 05:00:00,62906.6,62948.0,62638.3,62745.4,4646.616,57.87722467083561
2024-05-10 06:00:00,62745.5,63197.7,62714.0,63131.0,5764.657,63.466017773550995
2024-05-10 07:00:00,63131.0,63365.5,62960.2,63053.9,15545.069,61.703186748859686
2024-05-10 08:00:00,63053.8,63119.1,62826.1,63024.6,5693.819,61.00965565719836
2024-05-10 09:00:00,63024.6,63199.0,62826.3,63108.8,5696.953,62.32032938301653
2024-05-10 10:00:00,63108.9,63122.3,62830.2,63007.0,4321.78,59.70706346315187
2024-05-10 11:00:00,63007.1,63299.0,62758.7,63276.5,6239.495,64.00970305794122
2024-05-10 12:00:00,63276.5,63446.5,62901.1,62990.5,11908.957,57.047672475221965
2024-05-10 13:00:00,62990.6,63086.6,62773.0,62977.6,8650.33,56.74786119249642
2024-05-10 14:00:00,62977.5,63079.0,60650.0,61034.8,70579.927,30.63511247699681
2024-05-10 15:00:00,61034.7,61287.9,60645.3,60893.8,38536.362,29.571573934575696
2024-05-10 16:00:00,60893.7,61262.7,60200.0,61037.7,38191.691,32.16005852158666
2024-05-10 17:00:00,61037.6,61037.7,60117.4,60368.4,25864.076,27.16002923648263
2024-05-10 18:00:00,60368.3,60745.5,60192.3,60684.0,11761.429,32.48999831352988
2024-05-10 19:00:00,60684.1,60865.8,60507.5,60682.4,7521.706,32.47702356890697
2024-05-10 20:00:00,60682.4,60946.9,60416.6,60494.1,7632.958,30.912444554164466
2024-05-10 21:00:00,60494.1,60766.0,60434.7,60697.7,4308.423,34.58213782003395
2024-05-10 22:00:00,60697.7,60909.0,60563.5,60821.2,6226.012,36.77588494851676
2024-05-10 23:00:00,60821.2,60985.8,60736.0,60778.1,4922.752,36.318155350733804
2024-05-11 00:00:00,60778.0,60915.9,60617.0,60753.6,6105.643,36.043526200298416
2024-05-11 01:00:00,60753.7,61079.4,60734.4,60840.7,6493.295,37.84301660221787
2024-05-11 02:00:00,60840.7,60947.1,60718.2,60862.9,4035.485,38.31937441882268
2024-05-11 03:00:00,60862.9,60891.2,60678.1,60706.0,3352.98,36.207369187070725
2024-05-11 04:00:00,60706.0,60855.5,60680.4,60739.6,4235.434,37.00805587607872
2024-05-11 05:00:00,60739.5,60911.0,60739.5,60900.6,3328.347,40.83977109161682
2024-05-11 06:00:00,60900.6,61055.5,60868.2,60925.4,4783.064,41.43077206835563
2024-05-11 07:00:00,60925.3,60989.1,60825.1,60988.9,3822.011,43.0008931023372
2024-05-11 08:00:00,60989.0,61028.0,60736.8,60763.8,4533.882,39.00869980880843
2024-05-11 09:00:00,60763.8,60883.0,60638.4,60876.2,4611.844,41.90884408011882
2024-05-11 10:00:00,60876.2,60886.8,60656.8,60725.1,2899.128,39.20968837335425
2024-05-11 11:00:00,60725.1,60770.1,60432.6,60654.5,6847.386,37.978883054516984
2024-05-11 12:00:00,60654.6,60797.2,60602.6,60681.0,3070.866,38.755998230658385
2024-05-11 13:00:00,60681.0,60969.9,60634.1,60939.2,5151.067,45.87238792908352
2024-05-11 14:00:00,60939.1,60973.2,60748.0,60806.2,3249.808,43.094599903793025
2024-05-11 15:00:00,60806.1,61491.4,60806.1,61146.1,18318.747,51.22367339947967
2024-05-11 16:00:00,61146.1,61390.0,61060.0,61160.0,6409.757,51.52861823887554
2024-05-11 17:00:00,61160.0,61215.6,60976.8,61070.2,3793.036,49.38070988607553
2024-05-11 18:00:00,61070.1,61275.1,60981.6,61180.0,3071.091,52.01453908257654
2024-05-11 19:00:00,61180.0,61192.8,61022.6,61112.9,2388.065,50.29235951566704
2024-05-11 20:00:00,61113.0,61129.9,60720.3,60986.1,6190.417,47.117549169480924
2024-05-11 21:00:00,60986.1,60986.1,60806.0,60890.1,1966.338,44.811129520164044
2024-05-11 22:00:00,60890.0,60964.7,60856.5,60879.7,1572.637,44.55667206908049
2024-05-11 23:00:00,60879.8,60964.1,60729.4,60809.2,3064.459,42.783126854128895
2024-05-12 00:00:00,60809.2,61081.3,60778.0,60951.9,3361.074,47.35124341812765
2024-05-12 01:00:00,60951.9,61059.9,60824.6,60840.7,2307.067,44.37789853093353
2024-05-12 02:00:00,60840.7,60953.8,60800.4,60898.9,1730.582,46.27923495917747
2024-05-12 03:00:00,60898.9,60947.0,60831.2,60902.5,1558.521,46.40128281979391
2024-05-12 04:00:00,60902.6,61097.0,60882.5,61065.4,2779.436,51.743782738915115
2024-05-12 05:00:00,61065.4,61065.5,60946.0,61018.2,1635.115,50.182965516835516
2024-05-12 06:00:00,61018.2,61042.6,60909.0,60920.0,1551.981,47.00607645851942
2024-05-12 07:00:00,60920.0,60973.0,60557.3,60803.8,7714.184,43.49706337212315
2024-05-12 08:00:00,60803.8,61090.2,60757.7,61036.3,6127.55,51.32641553332726
2024-05-12 09:00:00,61036.2,61060.0,60930.9,60975.7,2594.099,49.40483491068361
2024-05-12 10:00:00,60975.8,61361.9,60920.5,61148.0,9222.754,54.60828725814567
2024-05-12 11:00:00,61148.0,61214.2,61081.6,61120.0,2334.646,53.64278931299796
2024-05-12 12:00:00,61120.1,61221.9,61050.0,61139.9,2754.115,54.2617345390345
2024-05-12 13:00:00,61135.0,61227.4,61065.1,61172.6,2088.923,55.317462702107164
2024-05-12 14:00:00,61172.6,61302.0,61100.2,61154.0,3401.442,54.54622720827141
2024-05-12 15:00:00,61154.0,61598.8,61123.0,61395.9,8923.55,61.97191692569121
2024-05-12 16:00:00,61395.9,61849.4,61315.0,61315.0,14568.253,58.528185614921654
2024-05-12 17:00:00,61315.1,61648.0,61158.3,61585.0,7986.709,65.43225708606667
2024-05-12 18:00:00,61585.0,61620.5,61321.4,61344.3,2968.142,56.415547907795954
2024-05-12 19:00:00,61344.3,61420.0,61173.6,61393.5,3295.31,57.6987155839851
2024-05-12 20:00:00,61393.4,61415.6,61255.4,61257.1,1897.397,53.036813037647434
2024-05-12 21:00:00,61257.1,61302.9,60870.0,61219.9,6385.358,51.80738816198961
2024-05-12 22:00:00,61219.9,61399.0,61179.0,61310.0,2781.76,54.5551302983164
2024-05-12 23:00:00,61310.0,61527.5,61248.2,61455.8,4075.929,58.66244269622897
2024-05-13 00:00:00,61455.7,61787.6,61454.9,61485.6,6102.765,59.468760377997434
2024-05-13 01:00:00,61485.5,61528.1,61155.3,61394.0,8687.971,55.861809202092616
2024-05-13 02:00:00,61394.0,61486.5,60921.4,61023.3,16112.245,44.182578623403764
2024-05-13 03:00:00,61023.2,61167.0,60750.0,61130.0,12090.288,47.57980424389938
2024-05-13 04:00:00,61130.0,61154.2,60869.8,60956.9,5200.392,43.00672882556621
2024-05-13 05:00:00,60957.0,60990.5,60765.0,60837.8,5020.562,40.1475326774375
2024-05-13 06:00:00,60837.8,61552.6,60757.6,61479.1,11469.425,56.80129685283791
2024-05-13 07:00:00,61479.1,62426.0,61431.5,62296.6,23057.899,68.74145971528895
2024-05-13 08:00:00,62296.5,63107.6,62296.5,62749.5,34051.56,73.16649018983966
2024-05-13 09:00:00,62749.4,63289.3,62749.4,63028.3,16248.313,75.46869209134356
2024-05-13 10:00:00,63028.3,63068.6,62350.0,62642.0,16933.765,66.90360001935393
2024-05-13 11:00:00,62642.0,62748.9,62461.5,62700.0,7066.429,67.49999854550501
2024-05-13 12:00:00,62699.9,62887.5,62400.0,62817.9,10591.475,68.73340683428793
2024-05-13 13:00:00,62818.0,63033.0,62573.1,62762.9,11975.679,67.4474610587742
2024-05-13 14:00:00,62763.0,63098.4,62695.2,62730.0,11119.211,66.64423961492597
2024-05-13 15:00:00,62730.1,63183.0,62684.3,62980.5,8911.638,69.61162330498942
2024-05-13 16:00:00,62981.2,63440.0,62882.6,63144.0,16891.261,71.40001783318553
2024-05-13 17:00:00,63144.1,63162.7,62584.0,62784.0,13832.717,62.65640831354675
2024-05-13 18:00:00,62784.1,62810.7,62540.2,62770.2,5342.831,62.34124968144864
2024-05-13 19:00:00,62770.2,63162.0,62770.2,63140.5,7006.699,67.12038899634669
2024-05-13 20:00:00,63139.6,63162.1,62965.8,63073.4,4091.979,65.49832686918981
2024-05-13 21:00:00,63073.3,63100.0,62814.6,62881.6,2756.698,60.96317958912602
2024-05-13 22:00:00,62881.5,62929.6,62683.5,62742.7,3644.133,57.83978955923015
2024-05-13 23:00:00,62742.6,62958.5,62688.3,62912.1,3721.138,60.49790926792976
2024-05-14 00:00:00,62912.2,63099.6,62700.0,62798.1,6533.037,57.85437991259631
2024-05-14 01:00:00,62798.1,63002.0,62550.0,62627.3,7795.806,54.044076418586805
2024-05-14 02:00:00,62627.3,62694.5,62466.4,62529.2,7774.997,51.92865814938414
2024-05-14 03:00:00,62529.2,62678.3,62377.2,62464.8,8140.943,50.53035278118223
2024-05-14 04:00:00,62464.8,62650.0,62381.7,62524.0,5359.938,51.814837019543276
2024-05-14 05:00:00,62523.9,62749.9,62463.0,62693.9,5027.458,55.394443485254655
2024-05-14 06:00:00,62693.9,62694.0,61373.2,62014.7,34696.028,41.97108638068114
2024-05-14 07:00:00,62014.6,62090.5,61797.9,62002.1,8027.269,41.768875150481875
2024-05-14 08:00:00,62002.0,62015.7,61666.0,61829.6,6764.491,38.99869285647028
2024-05-14 09:00:00,61829.6,61937.0,61720.9,61767.5,3504.021,38.02107934561528
2024-05-14 10:00:00,61767.4,61801.1,61492.8,61695.7,7699.012,36.8702504461527
2024-05-14 11:00:00,61695.7,61867.1,61662.2,61770.2,4598.828,38.93558785000955
2024-05-14 12:00:00,61770.2,62086.8,60950.0,61536.4,28941.612,35.05916271116499
2024-05-14 13:00:00,61536.5,62039.0,61418.0,61670.5,13973.855,38.82145688713417
2024-05-14 14:00:00,61670.6,62295.9,61094.8,61772.1,37272.211,41.582829405320915
2024-05-14 15:00:00,61772.2,62021.7,61615.3,61749.9,10943.65,41.14581526504761
2024-05-14 16:00:00,61750.0,61793.0,61203.0,61406.4,12091.432,35.01408928964851
2024-05-14 17:00:00,61407.0,61487.9,61116.6,61288.8,11567.667,33.190463810650314
2024-05-14 18:00:00,61288.9,61436.9,61192.5,61408.3,5535.169,36.792960046882726
2024-05-14 19:00:00,61408.3,61661.0,61366.8,61563.6,5346.452,41.22824922738359
2024-05-14 20:00:00,61563.6,61694.7,61530.5,61589.5,2673.433,41.95972332932068
2024-05-14 21:00:00,61589.5,61768.9,61444.6,61670.0,4252.918,44.28093602840476
2024-05-14 22:00:00,61670.1,61735.5,61535.8,61679.9,3172.44,44.574510978064
2024-05-14 23:00:00,61680.0,61694.5,61508.0,61550.5,2652.607,41.49689419524502
2024-05-15 00:00:00,61550.5,61774.7,61316.1,61413.2,5993.102,38.4624066857159
2024-05-15 01:00:00,61413.2,61730.1,61403.7,61668.7,3992.413,46.327859453405594
2024-05-15 02:00:00,61668.7,61884.0,61656.0,61738.0,3891.645,48.25956235211102
2024-05-15 03:00:00,61738.1,61998.0,61738.0,61923.2,4766.463,53.115905630295245
2024-05-15 04:00:00,61923.2,61956.0,61783.2,61875.1,4099.806,51.75715897902785
2024-05-15 05:00:00,61875.1,62030.4,61850.0,61902.1,4961.513,52.49181777193914
2024-05-15 06:00:00,61902.1,61956.3,61792.1,61933.5,3528.723,53.38095088335785
2024-05-15 07:00:00,61933.5,62245.1,61856.4,62157.4,7712.897,59.23899198497274
2024-05-15 08:00:00,62157.5,62240.0,62011.0,62116.2,5416.799,57.79972106123562
2024-05-15 09:00:00,62116.2,62898.0,61886.8,62626.1,19831.478,68.1224102002764
2024-05-15 10:00:00,62626.1,62972.7,62360.0,62643.0,16190.676,68.3983243762967
2024-05-15 11:00:00,62643.0,62798.0,62215.9,62447.4,13367.361,61.737826395560596
2024-05-15 12:00:00,62447.3,64200.0,62371.5,63735.1,60979.67,77.36482606948374
2024-05-15 13:00:00,63735.1,64645.2,63514.2,64106.7,45934.996,79.91423777452896
2024-05-15 14:00:00,64106.6,64471.2,63958.1,64465.7,17097.023,82.02104157979551
2024-05-15 15:00:00,64465.7,65055.0,64300.9,64685.5,31108.958,83.18403058394085
2024-05-15 16:00:00,64685.4,65100.0,64681.5,64728.8,16881.511,83.41167577862527
2024-05-15 17:00:00,64728.8,65094.3,64728.8,65004.4,9877.032,84.8202424668246
2024-05-15 18:00:00,65004.5,65798.8,64919.0,65685.0,24803.43,87.61670251573794
2024-05-15 19:00:00,65685.1,66382.3,65261.1,65959.6,27532.003,88.534467112464
2024-05-15 20:00:00,65959.6,66055.0,65687.2,65901.0,11900.67,87.0517635378137
2024-05-15 21:00:00,65900.9,66180.0,65748.8,65835.5,5836.194,85.33155932779596
2024-05-15 22:00:00,65835.5,66270.0,65802.0,66078.6,7792.829,86.40530228902631
2024-05-15 23:00:00,66078.6,66440.0,66027.2,66175.4,11534.488,86.81905237537485
2024-05-16 00:00:00,66175.4,66644.0,65901.2,66056.3,15952.041,83.45366512837765
2024-05-16 01:00:00,66056.3,66184.8,65819.0,65966.0,6531.814,80.89334957554307
2024-05-16 02:00:00,65965.9,66088.0,65735.9,65892.9,4951.573,78.78611882021303
2024-05-16 03:00:00,65892.9,66054.8,65781.6,65946.9,4376.178,79.21681638698652
2024-05-16 04:00:00,65946.8,65987.2,65773.4,65789.9,4883.17,74.48209174267001
2024-05-16 05:00:00,65789.9,65880.0,65716.2,65757.4,4145.212,73.50271649396987
2024-05-16 06:00:00,65757.3,65970.9,65633.0,65933.6,6164.772,75.39193403016792
2024-05-16 07:00:00,65933.4,66232.8,65905.0,66100.0,7570.25,77.05568318440191
2024-05-16 08:00:00,66100.0,66427.2,66045.8,66258.9,8095.255,78.54726889177711
2024-05-16 09:00:00,66258.9,66339.9,66059.0,66320.0,5587.587,79.10963748096714
2024-05-16 10:00:00,66319.9,66320.0,66069.9,66130.9,4517.758,72.75304132256991
2024-05-16 11:00:00,66130.9,66573.0,65962.2,66483.8,8775.217,76.54133270069622
2024-05-16 12:00:00,66483.8,66800.0,65861.4,65976.8,26636.048,62.99113169240523
2024-05-16 13:00:00,65976.9,66334.1,65736.7,66299.9,15085.549,67.00045724916316
2024-05-16 14:00:00,66300.0,66366.0,65505.0,65577.3,20263.796,53.13607126500147
2024-05-16 15:00:00,65577.2,65883.6,65339.0,65800.1,18049.794,56.14910015873221
2024-05-16 16:00:00,65800.0,65809.6,65077.5,65134.2,18995.908,46.52188978130235
2024-05-16 17:00:00,65134.1,65372.2,64567.0,64976.6,24811.463,44.573970894916535
2024-05-16 18:00:00,64976.7,65181.2,64808.0,65091.4,9827.579,46.336604427698695
2024-05-16 19:00:00,65091.5,65553.0,65062.7,65152.2,10280.552,47.29262237679614
2024-05-16 20:00:00,65152.3,65270.1,65018.7,65248.0,3804.218,48.83920039626328
2024-05-16 21:00:00,65247.9,65480.0,65204.2,65429.1,4205.893,51.72308299830365
2024-05-16 22:00:00,65429.0,65457.0,65100.0,65389.2,4533.237,51.04043976470923
2024-05-16 23:00:00,65389.1,65391.3,65162.1,65217.7,4410.46,48.10179824225694
2024-05-17 00:00:00,65217.7,65479.7,65213.7,65478.0,5542.829,52.56574507703274
2024-05-17 01:00:00,65477.9,65478.0,65061.2,65311.0,6160.987,49.61708355125759
2024-05-17 02:00:00,65311.1,65430.0,65146.5,65351.5,4190.566,50.344548824364246
2024-05-17 03:00:00,65351.4,65850.0,65300.3,65545.2,11900.518,53.78172635037252
2024-05-17 04:00:00,65545.1,65600.0,65327.7,65422.7,5906.313,51.36039333590164
2024-05-17 05:00:00,65422.8,65675.0,65400.0,65674.9,4946.005,55.77490100483761
2024-05-17 06:00:00,65675.0,66143.4,65538.1,65918.0,10856.03,59.582780645201694
2024-05-17 07:00:00,65918.0,66478.5,65918.0,66350.6,19960.927,65.30729673240052
2024-05-17 08:00:00,66350.5,66449.0,66037.3,66115.3,8062.26,60.30418824708559
2024-05-17 09:00:00,66115.2,66370.0,66040.0,66324.1,5086.471,63.01208042564566
2024-05-17 10:00:00,66324.2,66500.0,66152.2,66464.9,6355.821,64.75792277010851
2024-05-17 11:00:00,66465.0,66550.0,66158.0,66182.7,6836.428,58.77045474265177
2024-05-17 12:00:00,66182.6,66528.7,66071.2,66350.1,8833.915,61.06987935217955
2024-05-17 13:00:00,66350.0,66424.3,65773.8,65918.7,16206.636,52.88434344765592
2024-05-17 14:00:00,65918.7,66856.3,65885.2,66778.0,16412.722,63.405909161770495
2024-05-17 15:00:00,66777.9,67400.6,66520.6,67170.0,35437.093,67.02369650221625
2024-05-17 16:00:00,67169.9,67277.8,66871.0,66898.5,9641.848,62.42081338613494
2024-05-17 17:00:00,66898.4,66966.6,66632.3,66677.4,8499.756,58.87484438609729
2024-05-17 18:00:00,66677.4,66816.9,66158.4,66785.7,16107.501,60.07134945064272
2024-05-17 19:00:00,66785.7,67036.9,66618.4,67007.5,8156.597,62.47902973185027
2024-05-17 20:00:00,67007.5,67011.5,66726.1,66855.1,3800.062,59.81033718644946
2024-05-17 21:00:00,66855.1,66885.0,66703.0,66779.1,1990.973,58.46910483787557
2024-05-17 22:00:00,66779.1,66779.7,66636.0,66745.7,2321.773,57.85507876065719
2024-05-17 23:00:00,66745.7,67027.7,66663.3,66980.0,3849.888,60.95292185910843
2024-05-18 00:00:00,66980.0,67059.8,66696.1,66865.7,5678.764,58.68664944956141
2024-05-18 01:00:00,66865.7,67007.5,66728.5,66943.5,3383.174,59.782744122019544
2024-05-18 02:00:00,66943.5,67048.5,66770.9,66875.4,3521.299,58.32407199455909
2024-05-18 03:00:00,66875.4,66979.5,66825.9,66918.9,2404.698,59.01203490421138
2024-05-18 04:00:00,66919.0,66970.0,66763.0,66859.3,2350.813,57.60886345644066
2024-05-18 05:00:00,66859.3,66860.1,66774.7,66826.2,1740.097,56.80108329263531
2024-05-18 06:00:00,66826.2,66926.3,66700.1,66897.7,3020.237,58.16566479627261
2024-05-18 07:00:00,66897.7,67233.6,66799.0,66854.1,8732.15,56.98359905567164
2024-05-18 08:00:00,66854.1,67060.0,66808.4,66990.0,2959.279,59.73065290878476
2024-05-18 09:00:00,66990.0,67120.3,66968.2,67103.4,3311.045,61.91615950076214
2024-05-18 10:00:00,67103.4,67281.1,67010.2,67183.3,7662.253,63.42245605104225
2024-05-18 11:00:00,67183.3,67340.5,67070.1,67152.4,5696.28,62.39464462156038
2024-05-18 12:00:00,67152.5,67198.7,66858.1,66916.9,4976.47,55.069761524720285
2024-05-18 13:00:00,66917.1,67045.0,66750.0,66831.4,7170.058,52.652986210630594
2024-05-18 14:00:00,66831.4,67018.2,66503.2,66757.5,9642.198,50.5865539060499
2024-05-18 15:00:00,66757.6,66857.1,66533.0,66781.4,5979.02,51.25287767331278
2024-05-18 16:00:00,66781.3,66965.0,66682.6,66856.8,4794.986,53.38834444755847
2024-05-18 17:00:00,66856.9,66950.0,66711.0,66826.8,2903.199,52.40467660738774
2024-05-18 18:00:00,66826.9,66880.0,66738.9,66761.2,1546.849,50.22549457645308
2024-05-18 19:00:00,66761.2,66922.0,66734.0,66881.7,1340.33,54.008757283753816
2024-05-18 20:00:00,66881.8,66997.6,66843.3,66934.0,2001.494,55.58663221940635
2024-05-18 21:00:00,66934.0,66959.0,66761.1,66869.8,1604.344,53.174936910006515
2024-05-18 22:00:00,66869.8,66966.0,66786.2,66890.0,1723.527,53.85334855421385
2024-05-18 23:00:00,66890.0,67035.1,66881.2,66884.9,2788.984,53.64203679188778
2024-05-19 00:00:00,66884.9,66960.5,66810.0,66882.9,1726.469,53.55329225299572
2024-05-19 01:00:00,66883.0,66952.8,66854.3,66894.0,1193.524,54.00806634265048
2024-05-19 02:00:00,66894.0,67198.4,66893.9,67174.5,4285.238,63.68471203985823
2024-05-19 03:00:00,67174.6,67279.0,67052.2,67133.0,5266.164,61.619055453391695
2024-05-19 04:00:00,67133.1,67158.8,66951.9,67120.0,2573.096,60.9521080256311
2024-05-19 05:00:00,67119.9,67143.7,67049.0,67069.5,1630.204,58.311735287563764
2024-05-19 06:00:00,67069.5,67125.0,66895.0,66994.1,2895.882,54.51461700303963
2024-05-19 07:00:00,66994.2,67313.8,66947.5,67295.0,6551.235,64.46052958258086
2024-05-19 08:00:00,67295.1,67320.8,67063.0,67124.3,3595.846,56.86413931633017
2024-05-19 09:00:00,67124.2,67160.8,66950.0,67146.9,4665.029,57.57695111276037
2024-05-19 10:00:00,67146.9,67750.0,67086.0,67246.9,20192.022,60.673632263368404
2024-05-19 11:00:00,67247.0,67368.0,66921.9,67303.3,13112.332,62.34319178589854
2024-05-19 12:00:00,67303.4,67303.4,66750.0,66799.0,10415.097,44.25264030534401
2024-05-19 13:00:00,66798.9,67149.9,66619.4,67010.5,10038.562,50.712270717062246
2024-05-19 14:00:00,67010.5,67119.8,66812.2,66895.9,4578.498,47.50052809852591
2024-05-19 15:00:00,66896.0,66968.1,66700.2,66863.0,4603.025,46.588306058230756
2024-05-19 16:00:00,66863.0,66964.7,66505.6,66639.9,8102.859,40.858118441416686
2024-05-19 17:00:00,66639.8,66817.2,66501.1,66693.7,5364.686,42.68874283765876
2024-05-19 18:00:00,66693.6,66741.0,66494.9,66567.5,3864.5,39.5928717101681
2024-05-19 19:00:00,66567.4,66624.0,65835.8,66002.9,19144.586,29.340869507285774
2024-05-19 20:00:00,66002.9,66279.3,65971.0,66134.0,4179.462,33.637805908658294
2024-05-19 21:00:00,66134.0,66324.2,65958.2,66253.3,3479.533,37.370253563066555
2024-05-19 22:00:00,66253.3,66438.0,66216.5,66322.8,3947.985,39.50488233752657
2024-05-19 23:00:00,66322.8,66322.8,66180.0,66239.4,2764.516,37.838254140650704
2024-05-20 00:00:00,66239.4,66463.0,66116.7,66428.9,4631.191,43.65489187309771
2024-05-20 01:00:00,66428.9,66550.0,66010.0,66494.0,7912.322,45.54019569039315
2024-05-20 02:00:00,66494.0,66748.0,66466.5,66635.9,5838.299,49.506166929814164
2024-05-20 03:00:00,66636.0,66737.1,66531.0,66643.1,3724.246,49.70630137581849
2024-05-20 04:00:00,66643.0,67128.0,66591.2,67100.0,10754.954,60.42569356547357
2024-05-20 05:00:00,67100.0,67270.0,67017.0,67107.5,7690.311,60.574239732882425
2024-05-20 06:00:00,67107.5,67133.8,66236.9,66372.5,12323.676,43.386648928907675
2024-05-20 07:00:00,66372.5,66878.0,66314.7,66788.9,10788.557,51.741011407500864
2024-05-20 08:00:00,66788.9,67038.7,66720.9,66734.6,6267.493,50.69051410874061
2024-05-20 09:00:00,66734.7,66988.9,66730.0,66865.7,3145.384,53.16301524673747
2024-05-20 10:00:00,66865.7,67341.4,66835.1,67072.8,12525.502,56.84435365272409
2024-05-20 11:00:00,67072.7,67278.4,66868.6,66974.0,6822.769,54.6380097173422
2024-05-20 12:00:00,66974.0,67063.0,66760.0,66903.5,6595.706,53.05554683758677
2024-05-20 13:00:00,66903.5,67157.4,66730.0,67063.8,10362.087,56.16436320010338
2024-05-20 14:00:00,67063.9,67078.8,66716.3,66963.0,7967.246,53.75373026705994
2024-05-20 15:00:00,66963.0,67499.9,66862.1,67382.1,15685.356,61.20870731452165
2024-05-20 16:00:00,67382.1,68248.0,67344.9,68164.4,36634.924,70.70251278937515
2024-05-20 17:00:00,68164.4,68599.0,68001.3,68294.7,22206.698,71.93457725940392
2024-05-20 18:00:00,68294.6,68749.4,68247.9,68681.8,13257.306,75.26283145007731
2024-05-20 19:00:00,68681.8,70120.0,68550.6,69996.4,57594.981,82.74605174627258
2024-05-20 20:00:00,69996.5,70473.3,69161.4,69490.0,32225.823,73.51975637644142
2024-05-20 21:00:00,69490.0,69740.0,68900.0,69692.9,16807.52,74.73529119599615
2024-05-20 22:00:00,69693.0,69953.3,69502.6,69577.6,11186.427,72.69321817819461
2024-05-20 23:00:00,69577.6,71674.6,69569.2,71466.5,43079.3,81.5752383751732
2024-05-21 00:00:00,71466.5,72132.8,71136.0,71347.2,26841.153,79.80955715662341
2024-05-21 01:00:00,71347.2,71379.8,70740.8,71124.8,17975.702,76.48591370771088
2024-05-21 02:00:00,71124.8,71467.9,70920.0,71307.9,11863.409,77.32321033775582
2024-05-21 03:00:00,71307.9,71436.0,71150.4,71323.8,6708.949,77.3984735016666
2024-05-21 04:00:00,71323.7,71332.6,70858.4,70955.9,6507.871,71.48637675935815
2024-05-21 05:00:00,70955.9,71261.5,70876.0,71236.8,6578.816,73.17142879112426
2024-05-21 06:00:00,71236.7,71462.0,71136.0,71249.3,6730.163,73.24719458825199
2024-05-21 07:00:00,71249.4,71280.3,70921.2,70926.4,5876.641,67.9118334255208
2024-05-21 08:00:00,70926.3,71131.9,70900.2,70970.5,5766.668,68.25196341639963
2024-05-21 09:00:00,70970.6,71136.0,70927.0,71037.3,4672.377,68.79159108347626
2024-05-21 10:00:00,71037.2,71342.6,71007.0,71109.3,7367.942,69.39540714307908
2024-05-21 11:00:00,71109.4,71498.6,71020.9,71163.0,12235.785,69.86373387396728
2024-05-21 12:00:00,71163.0,71487.6,71080.0,71388.0,13878.591,71.8102016805951
2024-05-21 13:00:00,71387.9,71388.0,70563.0,70622.9,24101.485,58.07417312670256
2024-05-21 14:00:00,70622.9,70965.8,70222.0,70247.0,19940.306,52.73679938848091
2024-05-21 15:00:00,70247.0,70547.3,69722.0,69874.9,17297.457,48.03095236489676
2024-05-21 16:00:00,69874.8,70300.0,69722.2,69722.2,15259.832,46.208686619060245
2024-05-21 17:00:00,69722.2,70043.4,69608.5,69914.2,10598.557,48.83709350788723
2024-05-21 18:00:00,69914.3,70005.8,69544.9,69886.0,6731.118,48.46253545111056
2024-05-21 19:00:00,69886.0,69988.0,69165.6,69317.7,13628.804,41.547048832230274
2024-05-21 20:00:00,69319.2,69800.0,69269.1,69750.0,5323.651,47.66493818253826
2024-05-21 21:00:00,69749.9,69846.3,69473.4,69751.7,3731.69,47.68812514345113
2024-05-21 22:00:00,69751.7,70238.8,69744.1,70238.8,8721.314,53.97963700750098
2024-05-21 23:00:00,70238.7,70393.2,70107.1,70168.8,5336.046,52.99326663345953
2024-05-22 00:00:00,70168.7,70307.9,70068.4,70133.5,5369.077,52.472547473728476
2024-05-22 01:00:00,70133.5,70235.4,70022.4,70200.0,2910.644,53.40148512397793
2024-05-22 02:00:00,70200.0,70423.2,69951.0,70042.0,6819.701,50.85804334224206
2024-05-22 03:00:00,70042.0,70096.8,69868.1,70002.0,4490.914,50.206096019519656
2024-05-22 04:00:00,70001.9,70050.1,69242.0,69647.6,12547.383,44.7345019475471
2024-05-22 05:00:00,69647.7,69973.7,69566.7,69956.4,6736.295,49.86186270410129
2024-05-22 06:00:00,69956.5,70137.7,69850.0,69925.0,4848.942,49.3603807292072
2024-05-22 07:00:00,69925.0,69958.7,69632.0,69759.6,5832.185,46.696227697932336
2024-05-22 08:00:00,69759.6,70269.0,69680.0,70049.0,7105.05,51.6168755121707
2024-05-22 09:00:00,70049.0,70135.8,69883.0,70030.3,4135.833,51.287415345696104
2024-05-22 10:00:00,70030.3,70283.3,69980.0,70226.7,4396.258,54.567340416058535
2024-05-22 11:00:00,70226.7,70321.8,69760.4,69770.3,6076.29,46.6984414235265
2024-05-22 12:00:00,69770.3,70136.0,69546.1,69685.2,10623.79,45.38426080603942
2024-05-22 13:00:00,69685.3,69930.4,69466.7,69626.0,11958.496,44.44718703470514
2024-05-22 14:00:00,69626.1,70226.1,69474.9,70144.8,16200.042,53.50699647733777
2024-05-22 15:00:00,70144.7,70642.8,69955.1,70485.7,14103.885,58.31738031309333
2024-05-22 16:00:00,70485.7,70715.4,70226.3,70269.4,8809.617,54.46670059195117
2024-05-22 17:00:00,70269.4,70485.0,69700.0,69891.0,11173.801,48.44070094840652
2024-05-22 18:00:00,69890.2,69940.4,69241.5,69617.2,16138.354,44.596013243260174
2024-05-22 19:00:00,69617.1,69849.0,69477.0,69668.0,5499.675,45.460928076417794
2024-05-22 20:00:00,69668.0,69999.0,69412.4,69475.6,7176.42,42.73955335376342
2024-05-22 21:00:00,69475.6,69724.3,68736.8,69532.3,11621.209,43.807117631045735
2024-05-22 22:00:00,69532.4,69590.0,69085.4,69191.8,6008.49,39.09342012217892
2024-05-22 23:00:00,69191.8,69285.1,69066.0,69219.1,3578.143,39.654074473203174
2024-05-23 00:00:00,69219.2,69670.1,69219.1,69546.0,6041.731,46.05732402577396
2024-05-23 01:00:00,69546.0,69664.5,69300.0,69527.1,3755.659,45.755034617417905
2024-05-23 02:00:00,69527.1,69611.7,69400.0,69548.6,2759.296,46.187714799227024
2024-05-23 03:00:00,69548.9,69572.0,69336.6,69483.2,3593.033,45.01158343941267
2024-05-23 04:00:00,69483.2,69624.5,69443.5,69589.4,2679.69,47.35587031713191
2024-05-23 05:00:00,69589.3,69599.0,69371.6,69508.6,3162.117,45.757514393209846
2024-05-23 06:00:00,69508.7,69719.5,69408.2,69591.8,4292.345,47.71445637057132
2024-05-23 07:00:00,69591.7,69900.0,69484.6,69770.6,6360.466,51.74368056396194
2024-05-23 08:00:00,69770.6,69896.4,69617.9,69734.0,5273.719,50.87935050233173
2024-05-23 09:00:00,69734.0,69880.0,69616.8,69687.6,5101.7,49.74488240350341
2024-05-23 10:00:00,69687.7,69848.1,69561.8,69588.1,3756.384,47.30885083630455
2024-05-23 11:00:00,69588.1,70100.0,69586.0,70019.5,10195.134,57.114690638941966
2024-05-23 12:00:00,70019.4,70133.3,69002.0,69461.1,15744.447,45.35013216143435
2024-05-23 13:00:00,69461.1,69595.5,67800.0,68062.8,49800.98,29.155096260719688
2024-05-23 14:00:00,68062.8,68380.4,67612.8,67797.6,34387.172,27.173110379570673
2024-05-23 15:00:00,67797.5,68333.0,67751.4,68103.0,14399.074,32.83557587390703
2024-05-23 16:00:00,68102.9,68199.0,67822.0,67858.9,7744.016,30.775859474205788
2024-05-23 17:00:00,67858.9,68158.7,67635.7,67672.6,8253.854,29.266927437943778
2024-05-23 18:00:00,67672.6,67714.0,66763.9,67428.6,28750.9,27.373896284488396
2024-05-23 19:00:00,67428.5,67730.0,67147.1,67239.0,9985.77,25.96831001035099
2024-05-23 20:00:00,67239.1,67978.8,66156.6,67831.5,30049.777,36.87637092012617
2024-05-23 21:00:00,67831.4,68388.0,67150.1,68019.1,30998.065,39.8960584600116
2024-05-23 22:00:00,68019.2,68024.5,67561.0,67710.5,6686.294,36.77918004335308
2024-05-23 23:00:00,67710.5,68030.8,67506.7,67999.9,6321.999,41.40252265843743
2024-05-24 00:00:00,67999.9,68035.0,67651.7,67871.2,6158.285,40.00152563403278
2024-05-24 01:00:00,67871.3,67877.9,67674.9,67761.3,2898.977,38.79431695794462
2024-05-24 02:00:00,67761.3,68029.2,67655.0,68001.6,3915.273,42.85522435678051
2024-05-24 03:00:00,68001.7,68042.9,67833.3,67905.8,5256.567,41.6682720998453
2024-05-24 04:00:00,67905.8,67944.2,67668.6,67737.4,5337.685,39.59239102773438
2024-05-24 05:00:00,67737.4,67737.4,67093.1,67318.4,11043.419,34.92958809488607
2024-05-24 06:00:00,67318.3,67617.3,66850.0,66911.0,11725.526,31.0950089800196
2024-05-24 07:00:00,66910.8,67347.1,66850.1,67191.2,8617.976,36.27650992395415
2024-05-24 08:00:00,67191.2,67242.8,66639.0,67206.5,10719.06,36.55705086360128
2024-05-24 09:00:00,67206.6,67474.0,67059.1,67397.8,7002.709,40.107454175545556
2024-05-24 10:00:00,67397.8,67540.5,67329.4,67381.4,4646.767,39.90129867851627
2024-05-24 11:00:00,67381.3,67494.0,67300.6,67383.4,3586.377,39.94184137845867
2024-05-24 12:00:00,67383.3,67620.9,67366.6,67525.7,4625.161,42.89367180177178
2024-05-24 13:00:00,67525.7,67639.0,66952.6,67105.7,8618.396,37.09805565168198
2024-05-24 14:00:00,67105.7,68050.0,67018.8,67885.1,17838.455,50.4718415021565
2024-05-24 15:00:00,67885.1,68445.0,67885.1,68340.2,16879.264,56.31269919295985
2024-05-24 16:00:00,68340.3,68500.0,67950.0,68399.9,9641.523,57.028605309083474
2024-05-24 17:00:00,68400.0,68950.0,68399.9,68927.8,12085.975,62.82911059390859
2024-05-24 18:00:00,68927.9,69242.6,68852.7,68982.0,13642.103,63.37573324456313
2024-05-24 19:00:00,68982.0,69273.5,68701.0,69127.4,7320.55,64.86829959023984
2024-05-24 20:00:00,69127.3,69222.2,68850.0,68850.1,5334.58,59.85807069143089
2024-05-24 21:00:00,68850.0,69015.3,68805.0,68896.0,2730.663,60.40324099814706
2024-05-24 22:00:00,68896.1,68896.1,68692.9,68809.2,2852.584,58.77755308389184
2024-05-24 23:00:00,68809.2,68809.2,68535.6,68584.1,4203.207,54.6683874066922
2024-05-25 00:00:00,68584.0,68711.1,68523.7,68554.9,3065.546,54.139638429414475
2024-05-25 01:00:00,68555.0,68729.2,68554.9,68622.0,2927.152,55.211657761410244
2024-05-25 02:00:00,68622.1,68849.0,68621.2,68830.8,3474.217,58.465293613716234
2024-05-25 03:00:00,68830.9,68935.7,68666.6,68772.5,3554.144,57.215494094115684
2024-05-25 04:00:00,68772.6,68850.8,68701.7,68807.0,2366.062,57.790520043225115
2024-05-25 05:00:00,68807.1,68843.6,68723.0,68744.1,1656.887,56.30471469106528
2024-05-25 06:00:00,68744.1,68773.9,68633.1,68687.3,2118.968,54.931281864780885
2024-05-25 07:00:00,68687.4,68854.7,68657.3,68775.0,1984.362,56.68801848753488
2024-05-25 08:00:00,68775.1,69086.1,68767.0,68899.6,4378.064,59.12574209157042
2024-05-25 09:00:00,68899.7,69185.0,68865.5,69117.9,4135.36,63.049621710991524
2024-05-25 10:00:00,69118.0,69492.1,69040.8,69397.6,6360.262,67.37162113619242
2024-05-25 11:00:00,69397.7,69622.8,69112.4,69112.5,10552.535,59.70559523075635
2024-05-25 12:00:00,69112.4,69323.9,69031.4,69141.1,6380.907,60.194906738543274
2024-05-25 13:00:00,69141.0,69256.9,68888.0,69038.3,6726.315,57.4924231618208
2024-05-25 14:00:00,69038.3,69095.0,68965.0,69031.7,3595.291,57.31451190814514
2024-05-25 15:00:00,69031.7,69227.8,68844.1,68949.1,4646.141,55.01977748075461
2024-05-25 16:00:00,68949.0,69071.0,68870.6,68955.6,4302.168,55.17187998055238
2024-05-25 17:00:00,68955.5,69127.1,68933.4,69075.3,1691.052,57.989230395651255
2024-05-25 18:00:00,69075.3,69265.5,69075.3,69223.7,2674.612,61.24146680609312
2024-05-25 19:00:00,69223.8,69287.6,69118.0,69167.0,1390.336,59.35093969011985
2024-05-25 20:00:00,69166.9,69240.4,69080.0,69120.1,1202.583,57.76254611300302
2024-05-25 21:00:00,69120.0,69198.8,69061.5,69167.1,1238.499,58.94823846587297
2024-05-25 22:00:00,69167.1,69189.3,69064.2,69150.1,1182.153,58.31062463540433
2024-05-25 23:00:00,69150.2,69394.6,69150.1,69314.4,3509.989,62.52908978207105
2024-05-26 00:00:00,69314.5,69339.6,69170.0,69176.5,1555.966,57.289298724147784
2024-05-26 01:00:00,69176.6,69281.3,69170.0,69180.6,1244.59,57.40358896438529
2024-05-26 02:00:00,69180.5,69206.7,68830.0,68925.1,5072.626,48.664324638901945
2024-05-26 03:00:00,68925.1,69157.2,68893.9,69093.2,2371.075,53.662691469897375
2024-05-26 04:00:00,69093.2,69093.2,68950.0,68993.5,1218.382,50.52079990380758
2024-05-26 05:00:00,68993.6,69161.1,68934.0,69161.0,1890.703,55.26013826038515
2024-05-26 06:00:00,69161.1,69218.2,69061.1,69126.1,1847.693,54.09743990655031
2024-05-26 07:00:00,69126.0,69468.9,69114.5,69359.2,4856.849,60.131221070943695
2024-05-26 08:00:00,69359.2,69590.3,69080.0,69182.2,6794.294,54.295043360163504
2024-05-26 09:00:00,69182.3,69273.2,68980.6,69106.7,3881.902,51.97763091893438
2024-05-26 10:00:00,69106.7,69245.8,69100.4,69235.6,2382.956,55.47198667539323
2024-05-26 11:00:00,69235.5,69254.3,69082.5,69160.3,2850.103,53.04378483657225
2024-05-26 12:00:00,69160.3,69171.3,68954.6,69001.8,3517.989,48.25553129087938
2024-05-26 13:00:00,69001.9,69167.6,68963.0,69161.8,3069.839,52.879626406512315
2024-05-26 14:00:00,69161.8,69333.0,69053.2,69303.9,4161.202,56.58995081326886
2024-05-26 15:00:00,69303.9,69425.2,68678.5,68864.6,11193.095,44.83604378043525
2024-05-26 16:00:00,68864.7,68987.9,68697.2,68815.3,6282.01,43.73811690671276
2024-05-26 17:00:00,68815.2,68926.8,68750.5,68796.4,1929.106,43.300355809608
2024-05-26 18:00:00,68796.4,68865.5,68733.5,68820.0,1534.031,44.05334046486661
2024-05-26 19:00:00,68820.0,68941.4,68819.9,68925.4,1441.754,47.41228901112956
2024-05-26 20:00:00,68925.5,68937.5,68725.9,68732.0,1623.398,42.38388157300862
2024-05-26 21:00:00,68732.1,68732.1,68155.0,68543.7,7124.454,38.14232527128538
2024-05-26 22:00:00,68543.6,68720.0,68482.4,68568.2,2808.584,38.99772865160884
2024-05-26 23:00:00,68568.1,68591.6,68355.0,68524.3,3417.223,37.984137614536564
2024-05-27 00:00:00,68524.4,68851.6,68490.1,68851.5,3239.001,48.68872053425379
2024-05-27 01:00:00,68851.6,69331.6,68759.4,69090.6,7200.104,54.825136320416064
2024-05-27 02:00:00,69090.7,69300.0,69030.0,69131.1,4985.248,55.789601373160764
2024-05-27 03:00:00,69131.0,69233.5,68850.6,68900.6,3903.307,49.33400185299559
2024-05-27 04:00:00,68900.5,68935.1,68770.0,68783.4,3955.835,46.39438893868283
2024-05-27 05:00:00,68783.3,68810.0,68327.3,68545.0,7025.64,41.037768644245
2024-05-27 06:00:00,68545.0,68642.5,68410.0,68425.4,3409.566,38.62819904123268
2024-05-27 07:00:00,68425.3,68742.8,68359.4,68661.1,4651.483,45.42859163159705
2024-05-27 08:00:00,68661.0,68958.6,68550.0,68647.0,6881.119,45.10659643778675
2024-05-27 09:00:00,68647.0,68687.5,68451.2,68615.9,4587.958,44.35974348545879
2024-05-27 10:00:00,68615.9,68629.1,68437.1,68600.0,2959.028,43.95900201558164
2024-05-27 11:00:00,68600.1,68710.0,68268.7,68462.9,5011.622,40.556772115393514
2024-05-27 12:00:00,68463.0,68677.6,68401.2,68654.8,4233.858,46.76714651277338
2024-05-27 13:00:00,68654.8,69084.0,68622.0,68951.7,9849.46,54.65973343676435
2024-05-27 14:00:00,68951.7,69550.0,68860.0,69548.6,12327.341,65.67751994833785
2024-05-27 15:00:00,69548.5,70584.9,69548.5,70421.5,28724.017,75.17719480171043
2024-05-27 16:00:00,70421.4,70750.0,70218.9,70224.8,14018.662,70.44559024131881
2024-05-27 17:00:00,70224.8,70417.5,70085.4,70238.5,5827.972,70.58445756876372
2024-05-27 18:00:00,70238.5,70316.0,69926.5,70044.6,5029.901,65.86720684696705
2024-05-27 19:00:00,70044.7,70183.0,69100.0,69298.0,14800.476,51.57462167810157
2024-05-27 20:00:00,69297.9,69774.3,69211.8,69699.3,6869.659,56.97836056348455
2024-05-27 21:00:00,69699.3,69950.0,69630.0,69835.7,2877.362,58.666668410558096
2024-05-27 22:00:00,69835.7,69846.3,69588.3,69631.2,3025.422,55.17093237253187
2024-05-27 23:00:00,69631.2,69631.2,69344.0,69461.6,4897.315,52.383167262107236
2024-05-28 00:00:00,69461.5,69505.0,69123.7,69407.2,7039.886,51.484538297627665
2024-05-28 01:00:00,69407.2,69628.0,68542.2,68640.8,15723.247,40.85187749539579
2024-05-28 02:00:00,68640.7,68869.2,68429.1,68700.1,12268.351,41.85252219502455
2024-05-28 03:00:00,68700.1,68765.0,67760.0,68070.0,19513.118,35.064463307580965
2024-05-28 04:00:00,68070.0,68153.8,67500.0,67809.1,11912.627,32.69955101720295
2024-05-28 05:00:00,67809.0,68082.6,67673.4,68076.2,7062.391,37.35756677387787
2024-05-28 06:00:00,68076.2,68122.0,67800.1,67995.2,4924.445,36.53181399533985
2024-05-28 07:00:00,67995.1,68052.4,67690.0,67712.0,5923.208,33.724983885857895
2024-05-28 08:00:00,67712.1,68282.8,67602.8,68174.0,9411.681,41.60702828039073
2024-05-28 09:00:00,68174.0,68554.1,68044.3,68357.0,9529.351,44.42639396924217
2024-05-28 10:00:00,68357.0,68921.6,68281.2,68607.3,12741.275,48.11630720870451
2024-05-28 11:00:00,68607.3,68703.8,68282.4,68411.3,8608.889,45.56502169396109
2024-05-28 12:00:00,68411.3,68583.7,68165.0,68232.9,6931.434,43.31380858403294
2024-05-28 13:00:00,68232.9,68510.0,67676.1,67821.9,14496.764,38.58419046857231
2024-05-28 14:00:00,67822.0,68274.7,67550.0,67997.6,16216.701,41.52382463063679
2024-05-28 15:00:00,67997.6,68490.0,67755.9,68399.7,9337.398,47.694179210333374
2024-05-28 16:00:00,68399.8,68486.4,67731.2,67748.7,9012.253,40.283039611580385
2024-05-28 17:00:00,67748.8,68197.0,67700.0,67812.4,6318.573,41.24510980733219
2024-05-28 18:00:00,67812.4,68036.9,67273.0,67915.9,13797.362,42.85599771752939
2024-05-28 19:00:00,67915.9,68657.0,67902.1,68466.5,12459.276,50.61331754304492
2024-05-28 20:00:00,68466.4,68593.7,68162.2,68369.0,4635.577,49.33611698379285
2024-05-28 21:00:00,68368.9,68600.5,68291.5,68434.8,2781.812,50.248560330964224
2024-05-28 22:00:00,68434.7,68710.0,68419.4,68650.6,4035.214,53.22393300245715
2024-05-28 23:00:00,68651.2,68659.8,68378.7,68440.5,3157.607,50.08349897146932
2024-05-29 00:00:00,68440.4,68648.0,68302.8,68533.2,3547.064,51.4448080828068
2024-05-29 01:00:00,68533.1,68765.5,68341.3,68604.2,4315.602,52.513003272455535
2024-05-29 02:00:00,68604.2,68983.0,68479.2,68721.2,6626.914,54.29730758455913
2024-05-29 03:00:00,68721.2,68920.0,68710.4,68862.1,4078.322,56.42095188188142
2024-05-29 04:00:00,68862.0,68976.4,68777.6,68884.1,4373.628,56.75880972182174
2024-05-29 05:00:00,68884.1,68884.1,68604.5,68630.0,3712.944,51.766812307771026
2024-05-29 06:00:00,68630.1,68709.4,68506.0,68552.5,3243.35,50.31334266782498
2024-05-29 07:00:00,68552.5,68583.1,67975.5,67993.6,10403.013,41.306202825877186
2024-05-29 08:00:00,67993.7,68046.1,67631.0,67913.6,11149.109,40.19693296732025
2024-05-29 09:00:00,67913.6,68085.2,67722.8,67951.2,6278.113,40.99891470849479
2024-05-29 10:00:00,67951.2,68076.0,67841.6,68040.9,4061.789,42.96399107688431
2024-05-29 11:00:00,68041.0,68050.0,67766.3,67816.9,4269.921,39.43208286058985
2024-05-29 12:00:00,67816.8,68075.1,67618.0,67944.3,9834.65,42.33556351478413
2024-05-29 13:00:00,67944.3,68330.6,67620.3,67921.6,18050.281,41.94968894779092
2024-05-29 14:00:00,67921.5,68007.6,67549.4,67670.4,9065.115,37.83947546934529
2024-05-29 15:00:00,67670.4,67910.1,67321.7,67421.0,14126.123,34.25129612252917
2024-05-29 16:00:00,67421.0,67767.3,67129.0,67596.1,12808.56,38.64993626272496
2024-05-29 17:00:00,67594.8,67735.4,67369.1,67658.6,4774.629,40.188082120338535
2024-05-29 18:00:00,67658.6,67670.0,67258.7,67444.4,4264.893,36.78424707411135
2024-05-29 19:00:00,67444.5,67790.0,67263.8,67315.9,4690.797,34.87586821445804
2024-05-29 20:00:00,67316.0,67547.1,67179.4,67516.3,4079.864,40.09551745982106
2024-05-29 21:00:00,67516.3,67860.5,67362.9,67737.0,4914.747,45.295607594896616
2024-05-29 22:00:00,67737.0,67882.2,67639.4,67720.6,2842.41,44.983123900228584
2024-05-29 23:00:00,67720.6,67775.3,67606.6,67686.7,2724.761,44.30275795464504
2024-05-30 00:00:00,67686.8,67877.0,67580.0,67619.1,3017.704,42.909044538137515
2024-05-30 01:00:00,67619.0,67913.6,67501.7,67842.6,4224.292,48.65969150086489
2024-05-30 02:00:00,67842.5,68250.0,67824.6,67980.0,7550.66,51.86939284576701
2024-05-30 03:00:00,67980.1,68221.5,67952.0,68156.0,3271.693,55.69069765396691
2024-05-30 04:00:00,68156.0,68479.0,68014.7,68214.3,7057.196,56.91108164835145
2024-05-30 05:00:00,68214.3,68238.4,67995.0,68180.0,3983.334,55.934979379990686
2024-05-30 06:00:00,68180.0,68227.3,67763.4,67879.2,9274.985,48.13755911583027
2024-05-30 07:00:00,67879.2,68092.6,67555.0,67627.8,9663.186,42.77107607043023
2024-05-30 08:00:00,67627.9,67817.4,67167.0,67723.3,17457.405,45.26725497282772
2024-05-30 09:00:00,67723.2,67808.3,67505.8,67789.0,5623.212,46.98058773210721
2024-05-30 10:00:00,67789.0,68042.6,67578.1,67975.7,5433.059,51.61572264564661
2024-05-30 11:00:00,67975.8,68154.1,67855.7,67855.7,5464.929,48.67052072753074
2024-05-30 12:00:00,67855.8,68380.0,67792.4,68182.5,11403.76,56.02895383606104
2024-05-30 13:00:00,68182.6,68733.9,68083.1,68654.6,12764.932,64.04732767445053
2024-05-30 14:00:00,68654.6,68869.9,68284.7,68394.7,13804.313,57.798571625892265
2024-05-30 15:00:00,68394.0,68658.3,68170.0,68566.4,9302.218,60.5377664234075
2024-05-30 16:00:00,68566.4,68746.1,68412.0,68723.2,4971.864,62.90566862568695
2024-05-30 17:00:00,68723.2,69568.9,68703.9,69366.5,19635.28,70.67908306385361
2024-05-30 18:00:00,69366.5,69479.8,69131.6,69418.8,8158.43,71.207356336499
2024-05-30 19:00:00,69418.7,69420.2,68464.9,68705.0,12571.405,56.29868664830301
2024-05-30 20:00:00,68705.0,68712.0,68068.8,68525.6,11383.873,53.279402711899216
2024-05-30 21:00:00,68525.5,68588.0,68368.1,68462.6,3166.786,52.22027664918252
2024-05-30 22:00:00,68462.6,68491.0,68273.6,68356.1,2652.13,50.39645633326533
2024-05-30 23:00:00,68356.2,68574.0,68284.0,68402.5,2737.253,51.19619776450495
2024-05-31 00:00:00,68402.6,68516.4,68316.0,68512.2,2852.615,53.12058473806924
